{"dataset.max_df": 0.8, "dataset.min_df": 0.01, "dataset.window_size": 4, "dirichlet_loss": -66.31194132314683, "div_loss": -199.60172469559845, "fcm.embed_dim": 300, "fcm.eta": 1, "fcm.hidden_size": 100, "fcm.inductive": true, "fcm.inductive_dropout": 0.01, "fcm.lam": 1, "fcm.nconcepts": 5, "fcm.nnegs": 5, "fcm.num_layers": 1, "fcm.rho": 1000, "fit.batch_size": 16384, "fit.grad_clip": 1024, "fit.lr": 0.01, "fit.nepochs": 100, "fit.pred_only_epochs": 0, "id": "bc24dee9180bfffda1c02c1b8184ed52", "pred_loss": 261.708097396965, "run_time": 1513.1400366930002, "sgns_loss": 11.135400313535369, "test_auc": 0.5022361476129685, "total_loss": 7.010067853993103, "train_auc": 0.5027269965093173}