{"dataset.max_df": 0.9, "dataset.min_df": 0.01, "dataset.window_size": 4, "dirichlet_loss": -270.24338017126934, "div_loss": -1386.5231941081267, "fcm.embed_dim": 300, "fcm.eta": 1, "fcm.hidden_size": 100, "fcm.inductive": true, "fcm.inductive_dropout": 0.01, "fcm.lam": 1, "fcm.nconcepts": 15, "fcm.nnegs": 5, "fcm.num_layers": 2, "fcm.rho": 1000, "fit.batch_size": 16384, "fit.grad_clip": 1024, "fit.lr": 0.01, "fit.nepochs": 100, "fit.pred_only_epochs": 0, "id": "5239a70a71599e14b80d7b5f27b12337", "pred_loss": 146.8219119061615, "run_time": 1116.008737278, "sgns_loss": 11.104197361564701, "test_auc": 0.647741361285032, "total_loss": -1497.6518205770985, "train_auc": 0.9661948968490679}